"genesysId","instCode","name","aliasType","lang","version"
"2509376","","Cmr 246343(Ryg.60)","ACCENAME","","0"
"2509382","","Cg   50-  3","ACCENAME","","0"
"2509383","","Rayong 3","ACCENAME","","0"
"2509384","","R - 90","ACCENAME","","0"
"2509385","","Omr 23-29-15","ACCENAME","","0"
"2509386","","RAYONG 90","OTHERNUMB","","0"
"2509386","","Cmc 76xv43 (Ryg.5)","ACCENAME","","0"
"2509387","","29-77-5","ACCENAME","","0"
"2509388","","Cmr 29- 43- 45","ACCENAME","","0"
"2509389","","Cmr 25-105-112","ACCENAME","","0"
"2509390","","Cm 6125-117","ACCENAME","","0"
"2509391","","Ku - 50","ACCENAME","","0"
"2509392","","Mkuc 28-77-3","ACCENAME","","0"
"2509393","","Cm 4054-40","ACCENAME","","0"
"2509394","","Cm 4231-32","ACCENAME","","0"
"2509395","","Rayong 2","ACCENAME","","0"
"2509396","","Cmr 29- 56-101","ACCENAME","","0"
"2509397","","Cmr 29- 60- 15","ACCENAME","","0"
"2509398","","Cmr 29- 65- 13","ACCENAME","","0"
"2509399","","Cmr 29-56-101","ACCENAME","","0"
"2509400","","Cmr 26-07-15","ACCENAME","","0"
"2509401","","Rayong 1","ACCENAME","","0"
"2509402","","Cmr 26-65-13","ACCENAME","","0"
"2509403","","SM  719-   6","OTHERNUMB","","0"
"2509404","","SM  734-   5","OTHERNUMB","","0"
"2509405","","SM  736-  22","OTHERNUMB","","0"
"2509406","","SM  738-   2","OTHERNUMB","","0"
"2509407","","SM  814-  17","OTHERNUMB","","0"
"2509408","","SM  825-   9","OTHERNUMB","","0"
"2509409","","SM  890-   9","OTHERNUMB","","0"
"2509410","","SM  673-   1","OTHERNUMB","","0"
"2509411","","SM  627-   5","OTHERNUMB","","0"
"2509412","","SM  629-   6","OTHERNUMB","","0"
"2509413","","SM  643-  17","OTHERNUMB","","0"
"2509414","","SM  667-   1","OTHERNUMB","","0"
"2509415","","SM  653-  14","OTHERNUMB","","0"
"2509416","","SM  593-   5","OTHERNUMB","","0"
"2509417","","SM  560-   4","OTHERNUMB","","0"
"2509418","","SM  523-   2","OTHERNUMB","","0"
"2509419","","SM  523-   1","OTHERNUMB","","0"
"2509420","","SM  494-   2","OTHERNUMB","","0"
"2509421","","SM  306-   9","OTHERNUMB","","0"
"2509422","","SM  328-   1","OTHERNUMB","","0"
"2509423","","SM  344-   8","OTHERNUMB","","0"
"2509425","","SM  301-   3","OTHERNUMB","","0"
"2509431","","SG  804-   5","OTHERNUMB","","0"
"2509432","","SG  787-  10","OTHERNUMB","","0"
"2509433","","SG  702-  19","OTHERNUMB","","0"
"2509434","","SG  756-   7","OTHERNUMB","","0"
"2509435","","SG  761-   4","OTHERNUMB","","0"
"2509436","","SG  702-  13","OTHERNUMB","","0"
"2509437","","SG  698-   3","OTHERNUMB","","0"
"2509438","","SG  702-  11","OTHERNUMB","","0"
"2509439","","SG  695-   9","OTHERNUMB","","0"
"2509440","","SG  695-   1","OTHERNUMB","","0"
"2509441","","SG  629-   4","OTHERNUMB","","0"
"2509442","","SG  638-   6","OTHERNUMB","","0"
"2509443","","SG  625-   3","OTHERNUMB","","0"
"2509444","","SG  623-  10","OTHERNUMB","","0"
"2509445","","SG  625-  18","OTHERNUMB","","0"
"2509446","","SG  618-   6","OTHERNUMB","","0"
"2509447","","SG  591-   3","OTHERNUMB","","0"
"2509448","","SG  601-   1","OTHERNUMB","","0"
"2509449","","SG  589-   7","OTHERNUMB","","0"
"2509450","","SG  536-   1","OTHERNUMB","","0"
"2509451","","SG  557-   6","OTHERNUMB","","0"
"2509452","","SG  455-   1","OTHERNUMB","","0"
"2509453","","SG  427-  87","OTHERNUMB","","0"
"2509454","","SG  427-  64","OTHERNUMB","","0"
"2509455","","SG  350-  42","OTHERNUMB","","0"
"2509456","","SG  424-  19","OTHERNUMB","","0"
"2509457","","SG  350-  25","OTHERNUMB","","0"
"2509458","","SG  350-  23","OTHERNUMB","","0"
"2509459","","SG  250-   3","OTHERNUMB","","0"
"2509460","","SG  265-   2","OTHERNUMB","","0"
"2509461","","SG  106-  59","OTHERNUMB","","0"
"2509462","","SG  107-  35","OTHERNUMB","","0"
"2509463","","SG  107-  47","OTHERNUMB","","0"
"2509464","","SG  104- 284","OTHERNUMB","","0"
"2509465","","SG  104-  57","OTHERNUMB","","0"
"2509466","","SG  104-  74","OTHERNUMB","","0"
"2509467","","SG  105-  11","OTHERNUMB","","0"
"2509468","","SG  104- 283","OTHERNUMB","","0"
"2509469","","SG  104-  13","OTHERNUMB","","0"
"2509470","","SG  104- 164","OTHERNUMB","","0"
"2509471","","SG  104- 264","OTHERNUMB","","0"
"2509489","","Cm 323-52","ACCENAME","","0"
"2509490","","G 50-3","ACCENAME","","0"
"2510052","","Sg5","ACCENAME","","0"
"2510137","","TMS 42025","OTHERNUMB","","0"
"2510137","","Tms 42025","ACCENAME","","0"
"2510141","","TMS 40160-P6-1","OTHERNUMB","","0"
"2510141","","Tms 40160-P6-1","ACCENAME","","0"
"2510142","","TMS 30211","OTHERNUMB","","0"
"2510142","","Tms 30211","ACCENAME","","0"
"2510143","","TMS 30555","OTHERNUMB","","0"
"2510143","","Tms 30555","ACCENAME","","0"
"2510144","","TMS 30786","OTHERNUMB","","0"
"2510144","","Tms 30786","ACCENAME","","0"
"2510145","","TMS 91934","OTHERNUMB","","0"
"2510145","","Tms 91934","ACCENAME","","0"
"2510146","","TMS 30040","OTHERNUMB","","0"
"2510146","","Tms 30040","ACCENAME","","0"
"2510147","","TMS 30572","OTHERNUMB","","0"
"2510147","","Tms 30572","ACCENAME","","0"
"2510148","","TMS 90257","OTHERNUMB","","0"
"2510148","","Tms 90257","ACCENAME","","0"
"2510149","","TMS 90853","OTHERNUMB","","0"
"2510149","","Tms 90853","ACCENAME","","0"
"2510150","","TMS 83350","OTHERNUMB","","0"
"2510150","","Tms 83350","ACCENAME","","0"
"2510151","","TMS 84537","OTHERNUMB","","0"
"2510151","","Tms 84537","ACCENAME","","0"
"2510152","","TMS 90059","OTHERNUMB","","0"
"2510152","","Tms 90059","ACCENAME","","0"
"2510153","","TMS 63397","OTHERNUMB","","0"
"2510153","","Tms 63397","ACCENAME","","0"
"2510154","","TMS 60506","OTHERNUMB","","0"
"2510154","","Tms 60506","ACCENAME","","0"
"2510155","","TMS 60142","OTHERNUMB","","0"
"2510155","","Tms 60142","ACCENAME","","0"
"2510156","","TMS 60444","OTHERNUMB","","0"
"2510156","","Tms 60444","ACCENAME","","0"
"2510157","","TMS 30001","OTHERNUMB","","0"
"2510157","","Tms 30001","ACCENAME","","0"
"2510260","","MM  149","OTHERNUMB","","0"
"2510260","","C1","ACCENAME","","0"
"2510269","","MM  150","OTHERNUMB","","0"
"2510269","","C2","ACCENAME","","0"
"2510276","","MM  151","OTHERNUMB","","0"
"2510276","","C3","ACCENAME","","0"
"2510289","","MM  152","OTHERNUMB","","0"
"2510289","","C4","ACCENAME","","0"
"2510301","","C5","ACCENAME","","0"
"2510318","","MM  153","OTHERNUMB","","0"
"2510318","","C5","ACCENAME","","0"
"2510366","","CM 3433-  6UJF","OTHERNUMB","","0"
"2510367","","CM 4049-  7UJF","OTHERNUMB","","0"
"2510370","","CM 4049-  7UJF","OTHERNUMB","","0"
"2510376","","CM 4045-  6UJF","OTHERNUMB","","0"
"2510377","","CM 4050-  2UJF","OTHERNUMB","","0"
"2510378","","CM 4058-  9UJF","OTHERNUMB","","0"
"2510379","","CM 4066-  2UJF","OTHERNUMB","","0"
"2510380","","CM 4013-  3UJF","OTHERNUMB","","0"
"2510381","","CM 4031- 10UJF","OTHERNUMB","","0"
"2510382","","CM 3970-  4UJF","OTHERNUMB","","0"
"2510383","","CM 3997- 26UJF","OTHERNUMB","","0"
"2510385","","CM 3998- 13UJF","OTHERNUMB","","0"
"2510386","","CM 3993- 28UJF","OTHERNUMB","","0"
"2510416","","Maura","ACCENAME","","0"
"2510417","","Marsini","ACCENAME","","0"
"2510418","","Sumatra","ACCENAME","","0"
"2510419","","Kepyur","ACCENAME","","0"
"2510420","","Randu","ACCENAME","","0"
"2510422","","Jinten","ACCENAME","","0"
"2510423","","Blirik","ACCENAME","","0"
"2510424","","Kotir","ACCENAME","","0"
"2510426","","Malam","ACCENAME","","0"
"2510706","","CEMSA 74- 725","OTHERNUMB","","0"
"2510706","","Cemsa 74 -  725","ACCENAME","","0"
"2510707","","CEMSA 74-6329","OTHERNUMB","","0"
"2510707","","Cemsa 74 - 6329","ACCENAME","","0"
"2510793","","CMR 29-59(5)","OTHERNUMB","","0"
"2511530","","CMC  302","OTHERNUMB","","0"
"2511530","","92x76 (14)","ACCENAME","","0"
"2511533","","CMC  300","OTHERNUMB","","0"
"2511533","","40x76 (19)","ACCENAME","","0"
"2511534","","CMC  298","OTHERNUMB","","0"
"2511534","","84x76 (4)","ACCENAME","","0"
"2511535","","CMC  299","OTHERNUMB","","0"
"2511535","","76x40 (3)","ACCENAME","","0"
"2511536","","CMC  290","OTHERNUMB","","0"
"2511536","","40x76 (80)","ACCENAME","","0"
"2511537","","CMC  291","OTHERNUMB","","0"
"2511537","","92x76 (60)","ACCENAME","","0"
"2511538","","CMC  292","OTHERNUMB","","0"
"2511538","","40x76 (4)","ACCENAME","","0"
"2511540","","CMC  287","OTHERNUMB","","0"
"2511540","","40x76 (6)","ACCENAME","","0"
"2511541","","CMC  288","OTHERNUMB","","0"
"2511541","","40x76 (20)","ACCENAME","","0"
"2511542","","CMC  289","OTHERNUMB","","0"
"2511542","","76x40 (4)","ACCENAME","","0"
"2511543","","CMC  282","OTHERNUMB","","0"
"2511543","","80x76 (7)","ACCENAME","","0"
"2511544","","CMC  286","OTHERNUMB","","0"
"2511544","","84x76 (6)","ACCENAME","","0"
"2511546","","CMC  277","OTHERNUMB","","0"
"2511546","","Hmc  53","ACCENAME","","0"
"2511547","","CMC  278","OTHERNUMB","","0"
"2511547","","Hmc  82","ACCENAME","","0"
"2511549","","CMC  275","OTHERNUMB","","0"
"2511549","","Hmc  69","ACCENAME","","0"
"2511550","","CMC  276","OTHERNUMB","","0"
"2511550","","Hmc  87","ACCENAME","","0"
"2511551","","CMC  270","OTHERNUMB","","0"
"2511551","","Hmc 118","ACCENAME","","0"
"2511552","","CMC  272","OTHERNUMB","","0"
"2511552","","Hmc  95","ACCENAME","","0"
"2511553","","CMC  273","OTHERNUMB","","0"
"2511553","","Hmc  68","ACCENAME","","0"
"2511554","","CMC  274","OTHERNUMB","","0"
"2511554","","Hmc  83","ACCENAME","","0"
"2511555","","CMC  269","OTHERNUMB","","0"
"2511555","","Hmc  11","ACCENAME","","0"
"2511557","","CMC  262","OTHERNUMB","","0"
"2511557","","Hmc   4","ACCENAME","","0"
"2511558","","CMC  263","OTHERNUMB","","0"
"2511558","","Hmc   5","ACCENAME","","0"
"2511559","","CMC  264","OTHERNUMB","","0"
"2511559","","Hmc   6","ACCENAME","","0"
"2511560","","CMC  265","OTHERNUMB","","0"
"2511560","","Hmc   7","ACCENAME","","0"
"2511561","","CMC  266","OTHERNUMB","","0"
"2511561","","Hmc   8","ACCENAME","","0"
"2511562","","CMC  267","OTHERNUMB","","0"
"2511562","","Hmc   9","ACCENAME","","0"
"2511563","","CMC  268","OTHERNUMB","","0"
"2511563","","Hmc  10","ACCENAME","","0"
"2511564","","CMC  259","OTHERNUMB","","0"
"2511564","","Hmc   1","ACCENAME","","0"
"2511565","","CMC  260","OTHERNUMB","","0"
"2511565","","Hmc   2","ACCENAME","","0"
"2511566","","CMC  261","OTHERNUMB","","0"
"2511566","","Hmc   3","ACCENAME","","0"
"2512863","","CM  982-  20","OTHERNUMB","","0"
"2512864","","CM  996-   6","OTHERNUMB","","0"
"2512865","","CM  976-  15","OTHERNUMB","","0"
"2512866","","CM  981-   8","OTHERNUMB","","0"
"2512867","","CM  976-  14","OTHERNUMB","","0"
"2512868","","CM  975-   1","OTHERNUMB","","0"
"2512869","","CM  975-   5","OTHERNUMB","","0"
"2512870","","CM  962-   4","OTHERNUMB","","0"
"2512871","","CM  955-   2","OTHERNUMB","","0"
"2512872","","CM  950-   3","OTHERNUMB","","0"
"2512873","","CM  951-   6","OTHERNUMB","","0"
"2512874","","CM  946-   2","OTHERNUMB","","0"
"2512875","","CM  922-   2","OTHERNUMB","","0"
"2512876","","CM  942-  14","OTHERNUMB","","0"
"2512877","","CM   91-   3","OTHERNUMB","","0"
"2512878","","CM  847-  11","OTHERNUMB","","0"
"2512879","","CM  848-   3","OTHERNUMB","","0"
"2512880","","CM  849-   1","OTHERNUMB","","0"
"2512881","","CM  852-   4","OTHERNUMB","","0"
"2512882","","CM  854-  21","OTHERNUMB","","0"
"2512883","","CM  894-   2","OTHERNUMB","","0"
"2512884","","CM  903-   4","OTHERNUMB","","0"
"2512885","","CM  841- 168","OTHERNUMB","","0"
"2512886","","CM  842- 158","OTHERNUMB","","0"
"2512887","","CM  845-  91","OTHERNUMB","","0"
"2512888","","CM  840- 177","OTHERNUMB","","0"
"2512889","","CM  834-   1","OTHERNUMB","","0"
"2512890","","CM  728-   3","OTHERNUMB","","0"
"2512891","","CM  728-   2","OTHERNUMB","","0"
"2512892","","CM  723-   3","OTHERNUMB","","0"
"2512893","","CM  681-   2","OTHERNUMB","","0"
"2512894","","CM 6855-   3","OTHERNUMB","","0"
"2512895","","CM  696-   1","OTHERNUMB","","0"
"2512896","","CM 7086-  13","OTHERNUMB","","0"
"2512897","","CM 7086-  14","OTHERNUMB","","0"
"2512898","","CM 6697-   2","OTHERNUMB","","0"
"2512899","","CM 6555-   5","OTHERNUMB","","0"
"2512900","","CM 6664-   3","OTHERNUMB","","0"
"2512901","","CM 6553-   3","OTHERNUMB","","0"
"2512902","","CM 6370-   2","OTHERNUMB","","0"
"2512903","","CM 6438-  14","OTHERNUMB","","0"
"2512904","","CM  621- 188","OTHERNUMB","","0"
"2512905","","CM 6182-   8","OTHERNUMB","","0"
"2512906","","CM 6129-   2","OTHERNUMB","","0"
"2512907","","CM 6119-   5","OTHERNUMB","","0"
"2512908","","CM 6061-   1","OTHERNUMB","","0"
"2512909","","CM 6068-   3","OTHERNUMB","","0"
"2512910","","CM 6070-   1","OTHERNUMB","","0"
"2512911","","CM 6082-   1","OTHERNUMB","","0"
"2512912","","CM 5935-   2","OTHERNUMB","","0"
"2512913","","CM 5948-   1","OTHERNUMB","","0"
"2512914","","CM 6018-   4","OTHERNUMB","","0"
"2512915","","CM 5902-   2","OTHERNUMB","","0"
"2512916","","CM 5898-   2","OTHERNUMB","","0"
"2512917","","CM 5586-   1","OTHERNUMB","","0"
"2512918","","CM 5620-   3","OTHERNUMB","","0"
"2512919","","CM 5655-   4","OTHERNUMB","","0"
"2512920","","CM 5789-   1","OTHERNUMB","","0"
"2512921","","CM 5665-   1","OTHERNUMB","","0"
"2512922","","CM 5460-   5","OTHERNUMB","","0"
"2512923","","CM  535-  13","OTHERNUMB","","0"
"2512924","","CM 5306-   8","OTHERNUMB","","0"
"2512925","","CM 5286-   3","OTHERNUMB","","0"
"2512926","","CM 5253-   1","OTHERNUMB","","0"
"2512927","","CM  523-   7","OTHERNUMB","","0"
"2512927","","Catumare","ACCENAME","","0"
"2512928","","CM  517-   5","OTHERNUMB","","0"
"2512929","","CM  520-   5","OTHERNUMB","","0"
"2512930","","CM  517-   2","OTHERNUMB","","0"
"2512931","","CM  516-  18","OTHERNUMB","","0"
"2512932","","CM  516-   5","OTHERNUMB","","0"
"2512933","","CM  516-   7","OTHERNUMB","","0"
"2512934","","CM  489-   1","OTHERNUMB","","0"
"2512935","","CM  507-  34","OTHERNUMB","","0"
"2512936","","CM  507-  37","OTHERNUMB","","0"
"2512937","","CM 5071-   1","OTHERNUMB","","0"
"2512938","","CM 4867-   1","OTHERNUMB","","0"
"2512939","","CORPOICA-GINES","OTHERNUMB","","0"
"2512940","","CM 4777-   2","OTHERNUMB","","0"
"2512941","","CM 4793-   1","OTHERNUMB","","0"
"2512942","","CM 4772-   4","OTHERNUMB","","0"
"2512943","","CM 4733-   4","OTHERNUMB","","0"
"2512944","","CM 4574-   7","OTHERNUMB","","0"
"2512945","","CM  462-   6","OTHERNUMB","","0"
"2512946","","CM 4729-   4","OTHERNUMB","","0"
"2512947","","CM 4733-   2","OTHERNUMB","","0"
"2512948","","CM  451-   1","OTHERNUMB","","0"
"2512949","","CM 4484-   2","OTHERNUMB","","0"
"2512950","","CM 4402-   4","OTHERNUMB","","0"
"2512951","","CM  440-   5","OTHERNUMB","","0"
"2512952","","CM 4365-   1","OTHERNUMB","","0"
"2512953","","CM 4365-   3","OTHERNUMB","","0"
"2512954","","CM  438-  14","OTHERNUMB","","0"
"2512955","","CM  430-   9","OTHERNUMB","","0"
"2512956","","CM  430-  37","OTHERNUMB","","0"
"2512957","","CM 4157-  34","OTHERNUMB","","0"
"2512958","","CM 4181-   1","OTHERNUMB","","0"
"2512959","","CM 4063-   6","OTHERNUMB","","0"
"2512960","","CM 4052-   2","OTHERNUMB","","0"
"2512961","","CM 4013-   1","OTHERNUMB","","0"
"2512962","","CM 4042-   4","OTHERNUMB","","0"
"2512963","","CM 3992-   9","OTHERNUMB","","0"
"2512964","","CM 3997-   1","OTHERNUMB","","0"
"2512965","","CM  391-   2","OTHERNUMB","","0"
"2512966","","CM 3894-   1","OTHERNUMB","","0"
"2512967","","CM 3456-   3","OTHERNUMB","","0"
"2512968","","CM 3555-   6","OTHERNUMB","","0"
"2512969","","CM 3750-   5","OTHERNUMB","","0"
"2512970","","CM 3435-   5","OTHERNUMB","","0"
"2512971","","CM  344-  71","OTHERNUMB","","0"
"2512972","","CM 3421-   8","OTHERNUMB","","0"
"2512973","","CM 3408-   1","OTHERNUMB","","0"
"2512974","","CM  342- 170","OTHERNUMB","","0"
"2512975","","CM  342-  55","OTHERNUMB","","0"
"2512976","","CM 3401-   2","OTHERNUMB","","0"
"2512977","","CM  340-  30","OTHERNUMB","","0"
"2512978","","CM 3380-   7","OTHERNUMB","","0"
"2512979","","CM 3388-   2","OTHERNUMB","","0"
"2512980","","CM 3372-   4","OTHERNUMB","","0"
"2512981","","CM 3320-   4","OTHERNUMB","","0"
"2512982","","CM 3320-   8","OTHERNUMB","","0"
"2512983","","CM 3308-   4","OTHERNUMB","","0"
"2512984","","CM 3311-   3","OTHERNUMB","","0"
"2512985","","CM 3306-   4","OTHERNUMB","","0"
"2512985","","Ica-Negrita","ACCENAME","","0"
"2512986","","CM 3306-   9","OTHERNUMB","","0"
"2512987","","CM 3306-  19","OTHERNUMB","","0"
"2512988","","CM 3306-  25","OTHERNUMB","","0"
"2512989","","CM 3285-   7","OTHERNUMB","","0"
"2512990","","CM 3294-   1","OTHERNUMB","","0"
"2512991","","CM 3299-   4","OTHERNUMB","","0"
"2512992","","CM 3236-   3","OTHERNUMB","","0"
"2512993","","CM 3251-   4","OTHERNUMB","","0"
"2512994","","CM 3268-   1","OTHERNUMB","","0"
"2512995","","CM 3277-   1","OTHERNUMB","","0"
"2512996","","CM 3281-   4","OTHERNUMB","","0"
"2512997","","CM  323-  87","OTHERNUMB","","0"
"2512997","","Cm  323-87","ACCENAME","","0"
"2512998","","CM  323- 403","OTHERNUMB","","0"
"2512999","","CM 3199-   1","OTHERNUMB","","0"
"2513000","","CM  321- 188","OTHERNUMB","","0"
"2513000","","Cm  321-188","ACCENAME","","0"
"2513001","","CM  323- 375","OTHERNUMB","","0"
"2513002","","CM  311-  69","OTHERNUMB","","0"
"2513003","","CM 3110-   8","OTHERNUMB","","0"
"2513004","","CM 3168-  15","OTHERNUMB","","0"
"2513005","","CM  309-  41","OTHERNUMB","","0"
"2513006","","CM 3171-   8","OTHERNUMB","","0"
"2513007","","CM  308- 197","OTHERNUMB","","0"
"2513008","","CM  305-  41","OTHERNUMB","","0"
"2513009","","CM 3064-   4","OTHERNUMB","","0"
"2513010","","CM  305-  38","OTHERNUMB","","0"
"2513011","","CM 2967-   8","OTHERNUMB","","0"
"2513012","","CM 2976-   1","OTHERNUMB","","0"
"2513013","","CM  305- 120","OTHERNUMB","","0"
"2513014","","CM 2952-   2","OTHERNUMB","","0"
"2513015","","CM 2952-   3","OTHERNUMB","","0"
"2513016","","CM 2962-   4","OTHERNUMB","","0"
"2513017","","CM 2963-  27","OTHERNUMB","","0"
"2513018","","CM 2909-  36","OTHERNUMB","","0"
"2513019","","CM 2952-   1","OTHERNUMB","","0"
"2513020","","CM 2883-   1","OTHERNUMB","","0"
"2513021","","CM 2777-   8","OTHERNUMB","","0"
"2513022","","CM 2770-   7","OTHERNUMB","","0"
"2513023","","CM 2772-   3","OTHERNUMB","","0"
"2513024","","CM 2766-   4","OTHERNUMB","","0"
"2513025","","CM 2766-   5","OTHERNUMB","","0"
"2513026","","CM 2766-   3","OTHERNUMB","","0"
"2513027","","CM 2668-   6","OTHERNUMB","","0"
"2513028","","CM 2632-   2","OTHERNUMB","","0"
"2513029","","CM 2610-   1","OTHERNUMB","","0"
"2513030","","CM 2630-   9","OTHERNUMB","","0"
"2513031","","CM 2600-   2","OTHERNUMB","","0"
"2513032","","CM 2606-   1","OTHERNUMB","","0"
"2513033","","CM 2512-  12","OTHERNUMB","","0"
"2513034","","CM 2596-   2","OTHERNUMB","","0"
"2513035","","CM 2563-   5","OTHERNUMB","","0"
"2513036","","CM 2509-   1","OTHERNUMB","","0"
"2513037","","CM 2452-   5","OTHERNUMB","","0"
"2513038","","CM 2481-   2","OTHERNUMB","","0"
"2513039","","CM 2298-   3","OTHERNUMB","","0"
"2513040","","CM 2306-   7","OTHERNUMB","","0"
"2513041","","CM 2177-   2","OTHERNUMB","","0"
"2513041","","Cebucan","ACCENAME","","0"
"2513042","","CM 2174-   7","OTHERNUMB","","0"
"2513043","","CM 2157-   1","OTHERNUMB","","0"
"2513044","","CM 2166-   6","OTHERNUMB","","0"
"2513045","","CM 2144-   1","OTHERNUMB","","0"
"2513046","","CM 2156-   3","OTHERNUMB","","0"
"2513047","","CM 2146-   3","OTHERNUMB","","0"
"2513048","","CM 2136-   2","OTHERNUMB","","0"
"2513049","","CM 2133-   5","OTHERNUMB","","0"
"2513050","","CM 2109-   1","OTHERNUMB","","0"
"2513051","","CM 2086-   7","OTHERNUMB","","0"
"2513052","","CM 2087- 101","OTHERNUMB","","0"
"2513053","","CM 2088-   1","OTHERNUMB","","0"
"2513054","","CM 1999-   5","OTHERNUMB","","0"
"2513055","","CM 2068-   7","OTHERNUMB","","0"
"2513056","","CM 2086-  16","OTHERNUMB","","0"
"2513057","","CM  192-   1","OTHERNUMB","","0"
"2513058","","CM 1989-   4","OTHERNUMB","","0"
"2513059","","CM 1918-   3","OTHERNUMB","","0"
"2513060","","CM 1910- 112","OTHERNUMB","","0"
"2513061","","CM 1849-   3","OTHERNUMB","","0"
"2513062","","CM 1851-   4","OTHERNUMB","","0"
"2513063","","CM 1834-  28","OTHERNUMB","","0"
"2513064","","CM 1585-  13","OTHERNUMB","","0"
"2513065","","CM 1785-   6","OTHERNUMB","","0"
"2513066","","CM 1797-   4","OTHERNUMB","","0"
"2513067","","CM 1797-   8","OTHERNUMB","","0"
"2513068","","CM 1533-  19","OTHERNUMB","","0"
"2513069","","CM 1491-   5","OTHERNUMB","","0"
"2513070","","CM 1335-   4","OTHERNUMB","","0"
"2513071","","CM 1355-   4","OTHERNUMB","","0"
"2513072","","CM 1442- 204","OTHERNUMB","","0"
"2513073","","CM 1305-   3","OTHERNUMB","","0"
"2513074","","CM 1299-   2","OTHERNUMB","","0"
"2513075","","CM 1286-   7","OTHERNUMB","","0"
"2513076","","CM 1288-  17","OTHERNUMB","","0"
"2513077","","CM 1297-   9","OTHERNUMB","","0"
"2513078","","CM 1223-  18","OTHERNUMB","","0"
"2513079","","CM 1223-  11","OTHERNUMB","","0"
"2513080","","CM 1223-   1","OTHERNUMB","","0"
"2513081","","CM 1203-  13","OTHERNUMB","","0"
"2513082","","CM 1091-  12","OTHERNUMB","","0"
"2513083","","CM 1054-   2","OTHERNUMB","","0"
"2513084","","CM 1054-   3","OTHERNUMB","","0"
"2513085","","CM 1089-   1","OTHERNUMB","","0"
"2513086","","CM 1022-   4","OTHERNUMB","","0"
"2513087","","CM 1016-   4","OTHERNUMB","","0"
"2513088","","CM 1015-  42","OTHERNUMB","","0"
"2513089","","CM 1016-  31","OTHERNUMB","","0"
"2513090","","CM 1016-  34","OTHERNUMB","","0"
"2513091","","CM 1015-  34","OTHERNUMB","","0"
"2513095","","CM 1014-   2","OTHERNUMB","","0"
"2513096","","CM 1015-  16","OTHERNUMB","","0"
"2513101","","CG  996-   6","OTHERNUMB","","0"
"2513102","","CG  959-   1","OTHERNUMB","","0"
"2513103","","CG   95-   1","OTHERNUMB","","0"
"2513104","","CG  936-   7","OTHERNUMB","","0"
"2513105","","CG  915-   1","OTHERNUMB","","0"
"2513106","","CG  917-   5","OTHERNUMB","","0"
"2513107","","CG    7-  56","OTHERNUMB","","0"
"2513108","","CG    7-  64","OTHERNUMB","","0"
"2513109","","CG    7-  66","OTHERNUMB","","0"
"2513110","","CG  912-   9","OTHERNUMB","","0"
"2513111","","CG  913-   4","OTHERNUMB","","0"
"2513112","","CG  502-   1","OTHERNUMB","","0"
"2513113","","CG    6-  18","OTHERNUMB","","0"
"2513114","","CG    6-  71","OTHERNUMB","","0"
"2513115","","CG  609-   2","OTHERNUMB","","0"
"2513116","","CG    7-  31","OTHERNUMB","","0"
"2513117","","CG  501-   2","OTHERNUMB","","0"
"2513118","","CG  501-  15","OTHERNUMB","","0"
"2513119","","CG  501-  16","OTHERNUMB","","0"
"2513120","","CG  501-  18","OTHERNUMB","","0"
"2513121","","CG    5-  95","OTHERNUMB","","0"
"2513122","","CG    5-  99","OTHERNUMB","","0"
"2513123","","CG  501-   1","OTHERNUMB","","0"
"2513124","","CG    5-  78","OTHERNUMB","","0"
"2513125","","CG    5-  79","OTHERNUMB","","0"
"2513126","","CG  489-  34","OTHERNUMB","","0"
"2513127","","CG  489-   4","OTHERNUMB","","0"
"2513128","","CG  489-  57","OTHERNUMB","","0"
"2513129","","CG  489-  31","OTHERNUMB","","0"
"2513130","","CG  487-  47","OTHERNUMB","","0"
"2513131","","CG  489-  23","OTHERNUMB","","0"
"2513132","","CG  487-   2","OTHERNUMB","","0"
"2513133","","CG  481-   3","OTHERNUMB","","0"
"2513134","","CG  406-   5","OTHERNUMB","","0"
"2513135","","CG  406-   6","OTHERNUMB","","0"
"2513136","","CG  403-  18","OTHERNUMB","","0"
"2513137","","CG  402-  11","OTHERNUMB","","0"
"2513138","","CG    4-  27","OTHERNUMB","","0"
"2513139","","CG  401-   6","OTHERNUMB","","0"
"2513140","","CG   26-  12","OTHERNUMB","","0"
"2513141","","CG    3-   3","OTHERNUMB","","0"
"2513142","","CG   32-  22","OTHERNUMB","","0"
"2513143","","CG   35-   3","OTHERNUMB","","0"
"2513144","","CG  354-   2","OTHERNUMB","","0"
"2513145","","CG  358-   3","OTHERNUMB","","0"
"2513146","","CG  227-   2","OTHERNUMB","","0"
"2513147","","CG   22-   2","OTHERNUMB","","0"
"2513148","","CG  165-   2","OTHERNUMB","","0"
"2513149","","CG  165-   7","OTHERNUMB","","0"
"2513150","","CG 1534-  10","OTHERNUMB","","0"
"2513151","","CG  144-   1","OTHERNUMB","","0"
"2513152","","CG 1450-   4","OTHERNUMB","","0"
"2513153","","CG 1420-   1","OTHERNUMB","","0"
"2513154","","CG  138-   9","OTHERNUMB","","0"
"2513155","","CG 1403-   6","OTHERNUMB","","0"
"2513156","","CG 1413-   3","OTHERNUMB","","0"
"2513157","","CG 1417-   1","OTHERNUMB","","0"
"2513158","","CG 1372-   5","OTHERNUMB","","0"
"2513159","","CG 1355-   2","OTHERNUMB","","0"
"2513160","","CG 1367-   1","OTHERNUMB","","0"
"2513161","","CG 1231-   3","OTHERNUMB","","0"
"2513162","","CG 1255-   1","OTHERNUMB","","0"
"2513163","","CG 1320-  10","OTHERNUMB","","0"
"2513164","","CG 1220-   2","OTHERNUMB","","0"
"2513165","","CG 1118-  54","OTHERNUMB","","0"
"2513166","","CG 1141-   1","OTHERNUMB","","0"
"2513166","","Ica-Costena","ACCENAME","","0"
"2513167","","CG 1118- 121","OTHERNUMB","","0"
"2513168","","CG 1118-  32","OTHERNUMB","","0"
"2513169","","CG 1118-  15","OTHERNUMB","","0"
"2513170","","CG    1-  48","OTHERNUMB","","0"
"2513172","","CG    1-   3","OTHERNUMB","","0"
"2513173","","CG    1-  37","OTHERNUMB","","0"
"2513174","","CG 1118- 118","OTHERNUMB","","0"
"2513175","","CG 1110-   3","OTHERNUMB","","0"
"2513176","","CG    1-  17","OTHERNUMB","","0"
"2513194","","BGM 0192","OTHERNUMB","","0"
"2513194","","BRA-007137","OTHERNUMB","","0"
"2513194","","Clone 420-54-4","ACCENAME","","0"
"2513207","","BGM 0551","OTHERNUMB","","0"
"2513207","","BRA-012653","OTHERNUMB","","0"
"2513207","","I.A.N. - 26","ACCENAME","","0"
"2513207","","Ian  26","ACCENAME","","0"
"2513215","","BGM 0415","OTHERNUMB","","0"
"2513215","","BRA-002500","OTHERNUMB","","0"
"2513215","","Sfg  393","ACCENAME","","0"
"2513217","","BGM 0422","OTHERNUMB","","0"
"2513217","","BRA-001376","OTHERNUMB","","0"
"2513217","","IAC 327- 67","OTHERNUMB","","0"
"2513217","","Iac 323-67","ACCENAME","","0"
"2513231","","BGM 0110","OTHERNUMB","","0"
"2513231","","BRA-006173","OTHERNUMB","","0"
"2513231","","Clone 448-54-1 I","ACCENAME","","0"
"2513242","","BGM 0046","OTHERNUMB","","0"
"2513242","","BRA-004855","OTHERNUMB","","0"
"2513242","","Iac 7-9","ACCENAME","","0"
"2513294","","BGM 0354","OTHERNUMB","","0"
"2513294","","BRA-005193","OTHERNUMB","","0"
"2513294","","IAC 105- 66","OTHERNUMB","","0"
"2513294","","Caapora","ACCENAME","","0"
"2513311","","BGM 0444","OTHERNUMB","","0"
"2513311","","BRA-001350","OTHERNUMB","","0"
"2513311","","IAC  46-257","OTHERNUMB","","0"
"2513311","","Iac 46-257","ACCENAME","","0"
"2513313","","BGM 0177","OTHERNUMB","","0"
"2513313","","BRA-007048","OTHERNUMB","","0"
"2513313","","IAC   5-  5","OTHERNUMB","","0"
"2513313","","Iac 5-5","ACCENAME","","0"
"2513333","","BGM 0190","OTHERNUMB","","0"
"2513333","","BRA-006386","OTHERNUMB","","0"
"2513333","","Cepec 009/71-A","ACCENAME","","0"
"2513333","","Cepec 009/71a","ACCENAME","","0"
"2513364","","BGM 0468","OTHERNUMB","","0"
"2513364","","BRA-002194","OTHERNUMB","","0"
"2513364","","Sfg 444","ACCENAME","","0"
"2513365","","BGM 0352","OTHERNUMB","","0"
"2513365","","BRA-011665","OTHERNUMB","","0"
"2513365","","IAC   7-158","OTHERNUMB","","0"
"2513365","","Iac 7-158","ACCENAME","","0"
"2513366","","BGM 0515","OTHERNUMB","","0"
"2513366","","BRA-009814","OTHERNUMB","","0"
"2513366","","Sfg 569","ACCENAME","","0"
"2513368","","BGM 0460","OTHERNUMB","","0"
"2513368","","BRA-002160","OTHERNUMB","","0"
"2513368","","Sfg 2-187","ACCENAME","","0"
"2513372","","BGM 0276","OTHERNUMB","","0"
"2513372","","BRA-008958","OTHERNUMB","","0"
"2513372","","IAC   5- 36","OTHERNUMB","","0"
"2513372","","Iac 5-36","ACCENAME","","0"
"2513385","","BGM 0407","OTHERNUMB","","0"
"2513385","","BRA-002615","OTHERNUMB","","0"
"2513385","","IAC1416- 67","OTHERNUMB","","0"
"2513385","","Iac 14-16-67(Yara)","ACCENAME","","0"
"2513385","","Iac 1416-67 (Yara)","ACCENAME","","0"
"2513390","","BGM 0015","OTHERNUMB","","0"
"2513390","","BRA-005631","OTHERNUMB","","0"
"2513390","","Sipeal  7","ACCENAME","","0"
"2513445","","BGM 0010","OTHERNUMB","","0"
"2513445","","BRA-005584","OTHERNUMB","","0"
"2513445","","Sipeal  2","ACCENAME","","0"
"2513445","","Sipeal 02","ACCENAME","","0"
"2513563","","BGM 0591","OTHERNUMB","","0"
"2513563","","BRA-010235","OTHERNUMB","","0"
"2513563","","Esperanca (S2-901)","ACCENAME","","0"
"2513770","","IAC-24","OTHERNUMB","","0"
"2513770","","Iac-24","ACCENAME","","0"
"2513785","","X-1-72","OTHERNUMB","","0"
"2513785","","X-1-72 Hibrido","ACCENAME","","0"
"2513825","","BGM 1213","OTHERNUMB","","0"
"2513825","","BRA-054976","OTHERNUMB","","0"
"2513825","","CM  341","OTHERNUMB","","0"
"2513825","","Cm 341","ACCENAME","","0"
"2513835","","BGM 0921","OTHERNUMB","","0"
"2513835","","BRA-054950","OTHERNUMB","","0"
"2513835","","Sm Mvcn 290-7","ACCENAME","","0"
"2513840","","BGM 0578","OTHERNUMB","","0"
"2513840","","BRA-012904","OTHERNUMB","","0"
"2513840","","CLONE 416","OTHERNUMB","","0"
"2513840","","Clone 416","ACCENAME","","0"
"2513849","","BGM 0020","OTHERNUMB","","0"
"2513849","","BRA-005797","OTHERNUMB","","0"
"2513849","","IAC   7-127","OTHERNUMB","","0"
"2513849","","Iac 7-127","ACCENAME","","0"
"2513856","","BGM 0417","OTHERNUMB","","0"
"2513856","","BRA-010626","OTHERNUMB","","0"
"2513856","","IAC  12-442","OTHERNUMB","","0"
"2513856","","Iac 12-442","ACCENAME","","0"
"2513865","","BGM 0514","OTHERNUMB","","0"
"2513865","","BRA-009440","OTHERNUMB","","0"
"2513865","","Sfg 394","ACCENAME","","0"
"2513874","","BGM 0423","OTHERNUMB","","0"
"2513874","","BRA-008541","OTHERNUMB","","0"
"2513874","","Sfg 493","ACCENAME","","0"
"2513881","","BRA-006840","OTHERNUMB","","0"
"2513881","","Cm 327","ACCENAME","","0"
"2513897","","BGM 0442","OTHERNUMB","","0"
"2513897","","BRA-005142","OTHERNUMB","","0"
"2513897","","IAC 112- 66","OTHERNUMB","","0"
"2513897","","Iac 112-66","ACCENAME","","0"
"2513898","","BGM 0355","OTHERNUMB","","0"
"2513898","","BRA-005169","OTHERNUMB","","0"
"2513898","","IAC  12-634","OTHERNUMB","","0"
"2513898","","Iac 12-634","ACCENAME","","0"
"2513913","","BRA-003280","OTHERNUMB","","0"
"2513913","","Cm 367","ACCENAME","","0"
"2513916","","BRA-003191","OTHERNUMB","","0"
"2513916","","Sm 93","ACCENAME","","0"
"2513924","","BGM 0426","OTHERNUMB","","0"
"2513924","","BRA-002178","OTHERNUMB","","0"
"2513924","","Sfg 2-204","ACCENAME","","0"
"2513925","","BGM 0486","OTHERNUMB","","0"
"2513925","","BRA-002186","OTHERNUMB","","0"
"2513925","","Sfg 379","ACCENAME","","0"
"2513941","","BGM 0421","OTHERNUMB","","0"
"2513941","","BRA-001406","OTHERNUMB","","0"
"2513941","","IAC  14- 16-7","OTHERNUMB","","0"
"2513941","","Iac 14-16-7","ACCENAME","","0"
"2513944","","BGM 0422","OTHERNUMB","","0"
"2513944","","BRA-001376","OTHERNUMB","","0"
"2513944","","IAC 327- 67","OTHERNUMB","","0"
"2513944","","Iac 323-67","ACCENAME","","0"
"2513975","","BGM 0016","OTHERNUMB","","0"
"2513975","","BRA-005649","OTHERNUMB","","0"
"2513975","","Sipeal  8","ACCENAME","","0"
"2513975","","Sipeal-08","ACCENAME","","0"
"2513983","","BGM 0233","OTHERNUMB","","0"
"2513983","","BRA-004928","OTHERNUMB","","0"
"2513983","","Clone Eab-83","ACCENAME","","0"
"2513988","","BGM 0090","OTHERNUMB","","0"
"2513988","","BRA-006343","OTHERNUMB","","0"
"2513988","","Cepec 049/71-A","ACCENAME","","0"
"2513990","","BGM 0110","OTHERNUMB","","0"
"2513990","","BRA-006173","OTHERNUMB","","0"
"2513990","","Clone 448-54-1","ACCENAME","","0"
"2514004","","BGM 0012","OTHERNUMB","","0"
"2514004","","BRA-005606","OTHERNUMB","","0"
"2514004","","Sipeal  4","ACCENAME","","0"
"2514004","","Sipeal-04","ACCENAME","","0"
"2514006","","BGM 0232","OTHERNUMB","","0"
"2514006","","BRA-004979","OTHERNUMB","","0"
"2514006","","Clone Eab-182","ACCENAME","","0"
"2514028","","BGM 0351","OTHERNUMB","","0"
"2514028","","BRA-012939","OTHERNUMB","","0"
"2514028","","Eab-503","ACCENAME","","0"
"2514038","","BGM 0100","OTHERNUMB","","0"
"2514038","","BRA-006441","OTHERNUMB","","0"
"2514038","","Cepec 004/71-A","ACCENAME","","0"
"2514051","","BGM 0243","OTHERNUMB","","0"
"2514051","","BRA-004944","OTHERNUMB","","0"
"2514051","","Clone Eab-105","ACCENAME","","0"
"2514054","","BGM 0306","OTHERNUMB","","0"
"2514054","","BRA-000710","OTHERNUMB","","0"
"2514054","","CM  375-  2","OTHERNUMB","","0"
"2514054","","Cm  375-  2","ACCENAME","","0"
"2514066","","BGM 0441","OTHERNUMB","","0"
"2514066","","BRA-002275","OTHERNUMB","","0"
"2514066","","Mandioca Taquari","ACCENAME","","0"
"2514070","","BGM 1131","OTHERNUMB","","0"
"2514070","","BRA-005177","OTHERNUMB","","0"
"2514070","","IAC  12-829","OTHERNUMB","","0"
"2514070","","Iac 12-829","ACCENAME","","0"
"2514089","","BGM 0996","OTHERNUMB","","0"
"2514089","","BRA-078051","OTHERNUMB","","0"
"2514089","","CM 2157","OTHERNUMB","","0"
"2514089","","Cm-2157","ACCENAME","","0"
"2514101","","BGM 0211","OTHERNUMB","","0"
"2514101","","BRA-008648","OTHERNUMB","","0"
"2514101","","IAC  24-  2","OTHERNUMB","","0"
"2514101","","Mantiqueira","ACCENAME","","0"
"2514123","","BGM 0336","OTHERNUMB","","0"
"2514123","","BRA-000914","OTHERNUMB","","0"
"2514123","","CM  425-  6","OTHERNUMB","","0"
"2514123","","Cm  425-  6","ACCENAME","","0"
"2514124","","BGM 0360","OTHERNUMB","","0"
"2514124","","BRA-012998","OTHERNUMB","","0"
"2514124","","CM  344- 11","OTHERNUMB","","0"
"2514124","","Cm  344- 11","ACCENAME","","0"
"2514129","","BGM 0294","OTHERNUMB","","0"
"2514129","","BRA-000442","OTHERNUMB","","0"
"2514129","","CM  305-  4","OTHERNUMB","","0"
"2514129","","Cm  305-  4","ACCENAME","","0"
"2514130","","BGM 0323","OTHERNUMB","","0"
"2514130","","BRA-012947","OTHERNUMB","","0"
"2514130","","CM  327-  2","OTHERNUMB","","0"
"2514130","","Cm  327-  2","ACCENAME","","0"
"2514151","","BGM 0211","OTHERNUMB","","0"
"2514151","","BRA-008648","OTHERNUMB","","0"
"2514151","","IAC  24-  2","OTHERNUMB","","0"
"2514151","","Iac 24-2","ACCENAME","","0"
"2514156","","BGM 0727","OTHERNUMB","","0"
"2514156","","BRA-057665","OTHERNUMB","","0"
"2514156","","Clone 264-I","ACCENAME","","0"
"2514158","","BGM 0477","OTHERNUMB","","0"
"2514158","","BRA-001384","OTHERNUMB","","0"
"2514158","","IAC X-352-6","OTHERNUMB","","0"
"2514158","","Iac X-352-6","ACCENAME","","0"
"2514159","","BGM 0337","OTHERNUMB","","0"
"2514159","","BRA-000701","OTHERNUMB","","0"
"2514159","","CM  375-  1","OTHERNUMB","","0"
"2514159","","Cm  375-  1","ACCENAME","","0"
"2514159","","Cm  375-1","ACCENAME","","0"
"2514160","","BGM 0341","OTHERNUMB","","0"
"2514160","","BRA-000418","OTHERNUMB","","0"
"2514160","","CM  305-  1","OTHERNUMB","","0"
"2514160","","Cm  305-  1","ACCENAME","","0"
"2514160","","Cm  305-1","ACCENAME","","0"
"2514163","","BGM 0350","OTHERNUMB","","0"
"2514163","","BRA-000761","OTHERNUMB","","0"
"2514163","","CM  424-  1","OTHERNUMB","","0"
"2514163","","Cm  424-  1","ACCENAME","","0"
"2514163","","Cm  424-1","ACCENAME","","0"
"2514164","","BGM 0303","OTHERNUMB","","0"
"2514164","","BRA-000655","OTHERNUMB","","0"
"2514164","","CM  367-  8","OTHERNUMB","","0"
"2514164","","Cm  367-  8","ACCENAME","","0"
"2514164","","Cm  367-8","ACCENAME","","0"
"2514165","","BGM 0304","OTHERNUMB","","0"
"2514165","","BRA-008435","OTHERNUMB","","0"
"2514165","","SM   91- 2","OTHERNUMB","","0"
"2514165","","Sm   91-  2","ACCENAME","","0"
"2514165","","Sm   91-2","ACCENAME","","0"
"2514169","","BGM 0014","OTHERNUMB","","0"
"2514169","","BRA-005622","OTHERNUMB","","0"
"2514169","","Sipeal  6","ACCENAME","","0"
"2514169","","Sipeal-06","ACCENAME","","0"
"2514179","","BGM 1002","OTHERNUMB","","0"
"2514179","","BRA-077968","OTHERNUMB","","0"
"2514179","","CG    5- 79","OTHERNUMB","","0"
"2514179","","Cg    5- 79","ACCENAME","","0"
"2514179","","Cg    5-79","ACCENAME","","0"
"2514181","","BGM 1001","OTHERNUMB","","0"
"2514181","","BRA-078077","OTHERNUMB","","0"
"2514181","","CG    7- 66","OTHERNUMB","","0"
"2514181","","Cg    7- 66","ACCENAME","","0"
"2514181","","Cg    7-66","ACCENAME","","0"
"2514188","","BGM 0931","OTHERNUMB","","0"
"2514188","","BRA-078271","OTHERNUMB","","0"
"2514188","","IAC 576- 70","OTHERNUMB","","0"
"2514188","","Iac 576-70","ACCENAME","","0"
"2514219","","BGM 0565","OTHERNUMB","","0"
"2514219","","BRA-012891","OTHERNUMB","","0"
"2514219","","CLONE 264","OTHERNUMB","","0"
"2514219","","Clone  264","ACCENAME","","0"
"2514219","","Clone - 264","ACCENAME","","0"
"2514221","","BGM 0521","OTHERNUMB","","0"
"2514221","","BRA-012912","OTHERNUMB","","0"
"2514221","","Clone 435-54-1","ACCENAME","","0"
"2514227","","BGM 0472","OTHERNUMB","","0"
"2514227","","BRA-000400","OTHERNUMB","","0"
"2514227","","Clone 452-54-6","ACCENAME","","0"
"2514232","","BGM 0355","OTHERNUMB","","0"
"2514232","","BRA-005169","OTHERNUMB","","0"
"2514232","","IAC  12-634","OTHERNUMB","","0"
"2514232","","Iac 12-634","ACCENAME","","0"
"2514232","","Iac 12-634 I","ACCENAME","","0"
"2514236","","BGM 0454","OTHERNUMB","","0"
"2514236","","BRA-000396","OTHERNUMB","","0"
"2514236","","CLONE 452-54-1","OTHERNUMB","","0"
"2514236","","Clone 452-54-1","ACCENAME","","0"
"2514241","","BGM 0353","OTHERNUMB","","0"
"2514241","","BRA-005100","OTHERNUMB","","0"
"2514241","","IAC   5- 66","OTHERNUMB","","0"
"2514241","","Iac 5-66","ACCENAME","","0"
"2514243","","BGM 0335","OTHERNUMB","","0"
"2514243","","BRA-000868","OTHERNUMB","","0"
"2514243","","CM  425-  1","OTHERNUMB","","0"
"2514243","","Cm  425-  1","ACCENAME","","0"
"2514243","","Cm  425-1","ACCENAME","","0"
"2514244","","BGM 0339","OTHERNUMB","","0"
"2514244","","BRA-000892","OTHERNUMB","","0"
"2514244","","CM  425-  4","OTHERNUMB","","0"
"2514244","","Cm  425-  4","ACCENAME","","0"
"2514244","","Cm  425-4","ACCENAME","","0"
"2514245","","BGM 0324","OTHERNUMB","","0"
"2514245","","BRA-000621","OTHERNUMB","","0"
"2514245","","CM  367-  5","OTHERNUMB","","0"
"2514245","","Cm  367-  5","ACCENAME","","0"
"2514245","","Cm  367-5","ACCENAME","","0"
"2514246","","BGM 0326","OTHERNUMB","","0"
"2514246","","BRA-012980","OTHERNUMB","","0"
"2514246","","CM  424- 11","OTHERNUMB","","0"
"2514246","","Cm  424- 11","ACCENAME","","0"
"2514246","","Cm  424-11","ACCENAME","","0"
"2514247","","BGM 0328","OTHERNUMB","","0"
"2514247","","BRA-000795","OTHERNUMB","","0"
"2514247","","CM  424-  4","OTHERNUMB","","0"
"2514247","","Cm  424-  4","ACCENAME","","0"
"2514247","","Cm  424-4","ACCENAME","","0"
"2514248","","BGM 0332","OTHERNUMB","","0"
"2514248","","BRA-000671","OTHERNUMB","","0"
"2514248","","CM  367- 10","OTHERNUMB","","0"
"2514248","","Cm  367- 10","ACCENAME","","0"
"2514248","","Cm  367-10","ACCENAME","","0"
"2514249","","BGM 0312","OTHERNUMB","","0"
"2514249","","BRA-002241","OTHERNUMB","","0"
"2514249","","SM   91-  4","OTHERNUMB","","0"
"2514249","","Sm   91-  4","ACCENAME","","0"
"2514249","","Sm   91-4","ACCENAME","","0"
"2514250","","BGM 0315","OTHERNUMB","","0"
"2514250","","BRA-000922","OTHERNUMB","","0"
"2514250","","CM  425-  7","OTHERNUMB","","0"
"2514250","","Cm  425-  7","ACCENAME","","0"
"2514250","","Cm  425-7","ACCENAME","","0"
"2514255","","BGM 0297","OTHERNUMB","","0"
"2514255","","BRA-000906","OTHERNUMB","","0"
"2514255","","CM  425-  5","OTHERNUMB","","0"
"2514255","","Cm  425-  5","ACCENAME","","0"
"2514255","","Cm  425-5","ACCENAME","","0"
"2514256","","BGM 0298","OTHERNUMB","","0"
"2514256","","BRA-000850","OTHERNUMB","","0"
"2514256","","CM  424- 10","OTHERNUMB","","0"
"2514256","","Cm  424- 10","ACCENAME","","0"
"2514256","","Cm  424-10","ACCENAME","","0"
"2514262","","BGM 0220","OTHERNUMB","","0"
"2514262","","BRA-009989","OTHERNUMB","","0"
"2514262","","Cepec 005/71-A","ACCENAME","","0"
"2514262","","Cepec-005-71-A","ACCENAME","","0"
"2514279","","BGM 0009","OTHERNUMB","","0"
"2514279","","BRA-005576","OTHERNUMB","","0"
"2514279","","Sipeal  1","ACCENAME","","0"
"2514279","","Sipeal-01","ACCENAME","","0"
"2514308","","BGM 0904","OTHERNUMB","","0"
"2514308","","BRA-014583","OTHERNUMB","","0"
"2514308","","CM  523-  7","OTHERNUMB","","0"
"2514308","","Cm  523-  7","ACCENAME","","0"
"2514308","","Cm  523-7","ACCENAME","","0"
"2514312","","BGM 0891","OTHERNUMB","","0"
"2514312","","BRA-014419","OTHERNUMB","","0"
"2514312","","CM  430- 37","OTHERNUMB","","0"
"2514312","","Cm  430- 37","ACCENAME","","0"
"2514312","","Cm  430-37","ACCENAME","","0"
"2514314","","BGM 0884","OTHERNUMB","","0"
"2514314","","BRA-014524","OTHERNUMB","","0"
"2514314","","CM  507- 37","OTHERNUMB","","0"
"2514314","","Cm  507- 37","ACCENAME","","0"
"2514314","","Cm  507-37","ACCENAME","","0"
"2514315","","BGM 0871","OTHERNUMB","","0"
"2514315","","BRA-014443","OTHERNUMB","","0"
"2514315","","CM  342- 55","OTHERNUMB","","0"
"2514315","","Cm  342- 55","ACCENAME","","0"
"2514315","","Cm  342-55","ACCENAME","","0"
"2514336","","BGM 0726","OTHERNUMB","","0"
"2514336","","BRA-057673","OTHERNUMB","","0"
"2514336","","Clone 280 B","ACCENAME","","0"
"2514338","","BGM 0729","OTHERNUMB","","0"
"2514338","","BRA-057649","OTHERNUMB","","0"
"2514338","","Clone 416 I","ACCENAME","","0"
"2514338","","Clone 416-I","ACCENAME","","0"
"2514351","","BGM 0207","OTHERNUMB","","0"
"2514351","","BRA-004545","OTHERNUMB","","0"
"2514351","","Clone Eab-245","ACCENAME","","0"
"2514355","","BGM 0666","OTHERNUMB","","0"
"2514355","","BRA-056359","OTHERNUMB","","0"
"2514355","","CM  322-  3","OTHERNUMB","","0"
"2514355","","Cm  322-  3","ACCENAME","","0"
"2514355","","Cm  322-3","ACCENAME","","0"
"2514358","","BGM 0658","OTHERNUMB","","0"
"2514358","","BRA-056367","OTHERNUMB","","0"
"2514358","","CM  323-  3","OTHERNUMB","","0"
"2514358","","Cm  323-  3","ACCENAME","","0"
"2514358","","Cm  323-3","ACCENAME","","0"
"2514385","","BGM 0461","OTHERNUMB","","0"
"2514385","","BRA-002208","OTHERNUMB","","0"
"2514385","","Sfg - 696","ACCENAME","","0"
"2514389","","BGM 0349","OTHERNUMB","","0"
"2514389","","BRA-000680","OTHERNUMB","","0"
"2514389","","CM  368-  1","OTHERNUMB","","0"
"2514389","","Cm  368-  1","ACCENAME","","0"
"2514389","","Cm  368-1","ACCENAME","","0"
"2514391","","BGM 0334","OTHERNUMB","","0"
"2514391","","BRA-000426","OTHERNUMB","","0"
"2514391","","CM  305-  2","OTHERNUMB","","0"
"2514391","","Cm  305-  2","ACCENAME","","0"
"2514391","","Cm  305-2","ACCENAME","","0"
"2514393","","BGM 0329","OTHERNUMB","","0"
"2514393","","BRA-000833","OTHERNUMB","","0"
"2514393","","CM  424-  8","OTHERNUMB","","0"
"2514393","","Cm  424-  8","ACCENAME","","0"
"2514393","","Cm  424-8","ACCENAME","","0"
"2514394","","BGM 0330","OTHERNUMB","","0"
"2514394","","BRA-002232","OTHERNUMB","","0"
"2514394","","SM   82-  1","OTHERNUMB","","0"
"2514394","","Sm   82-  1","ACCENAME","","0"
"2514394","","Sm   82-1","ACCENAME","","0"
"2514395","","BGM 0318","OTHERNUMB","","0"
"2514395","","BRA-000884","OTHERNUMB","","0"
"2514395","","CM  425-  3","OTHERNUMB","","0"
"2514395","","Cm  425-  3","ACCENAME","","0"
"2514395","","Cm  425-3","ACCENAME","","0"
"2514396","","BGM 0316","OTHERNUMB","","0"
"2514396","","BRA-000591","OTHERNUMB","","0"
"2514396","","CM  367-  2","OTHERNUMB","","0"
"2514396","","Cm  367-  2","ACCENAME","","0"
"2514396","","Cm  367-2","ACCENAME","","0"
"2514397","","BGM 0291","OTHERNUMB","","0"
"2514397","","BRA-000507","OTHERNUMB","","0"
"2514397","","CM  344-  4","OTHERNUMB","","0"
"2514397","","Cm  344-  4","ACCENAME","","0"
"2514397","","Cm  344-4","ACCENAME","","0"
"2514398","","BGM 0314","OTHERNUMB","","0"
"2514398","","BRA-000582","OTHERNUMB","","0"
"2514398","","CM  367-  1","OTHERNUMB","","0"
"2514398","","Cm  367-  1","ACCENAME","","0"
"2514398","","Cm  367-1","ACCENAME","","0"
"2514402","","BGM 0240","OTHERNUMB","","0"
"2514402","","BRA-004936","OTHERNUMB","","0"
"2514402","","Clone Eab-77","ACCENAME","","0"
"2514404","","BGM 0236","OTHERNUMB","","0"
"2514404","","BRA-007048","OTHERNUMB","","0"
"2514404","","Iac 5-5 I","ACCENAME","","0"
"2514405","","BGM 0199","OTHERNUMB","","0"
"2514405","","BRA-004863","OTHERNUMB","","0"
"2514405","","Iac 5-35","ACCENAME","","0"
"2514426","","BGM 0097","OTHERNUMB","","0"
"2514426","","BRA-006416","OTHERNUMB","","0"
"2514426","","Cepec 024/71-A","ACCENAME","","0"
"2514440","","BGM 0160","OTHERNUMB","","0"
"2514440","","BRA-006424","OTHERNUMB","","0"
"2514440","","Cepec 002/71-A","ACCENAME","","0"
"2514472","","IGE118","OTHERNUMB","","0"
"2514472","","Ca  6-3","ACCENAME","","0"
"2514473","","IGE119","OTHERNUMB","","0"
"2514473","","Ca  N-P","ACCENAME","","0"
"2514477","","IGE110","OTHERNUMB","","0"
"2514477","","Ca 25-4","ACCENAME","","0"
"2514483","","IGE094","OTHERNUMB","","0"
"2514483","","Mico","ACCENAME","","0"
"2514483","","94","COLLNUMB","","0"
"2514518","","IGE112","OTHERNUMB","","0"
"2514518","","Ca 25-1","ACCENAME","","0"
"2514543","","IGE011","OTHERNUMB","","0"
"2514543","","Mandioca Negra","ACCENAME","","0"
"2514543","","11","COLLNUMB","","0"
"2537833","","83/01660","COLLNUMB","","0"
"2537918","","84/0046","COLLNUMB","","0"
"2538038","","81/00298","COLLNUMB","","0"
"2538252","","87/00167","COLLNUMB","","0"
"2538289","","85/00052-5","COLLNUMB","","0"
"2538507","","M.COL 175","COLLNUMB","","0"
"2539079","","92B/033","COLLNUMB","","0"
"2539359","","CIAT_549 -17","COLLNUMB","","0"
"2540181","","TM/NG92-168","COLLNUMB","","0"
"2540233","","86/00385","COLLNUMB","","0"
"2540243","","86/00483","COLLNUMB","","0"
"2540322","","86/00491","COLLNUMB","","0"
"2540368","","86/00012","COLLNUMB","","0"
"2540381","","86/00376","COLLNUMB","","0"
"2540386","","86/00471","COLLNUMB","","0"
"2540396","","75/651","COLLNUMB","","0"
"2540419","","86/00338","COLLNUMB","","0"
"2540459","","TM/NG92-150","COLLNUMB","","0"
"2540470","","82/00672","COLLNUMB","","0"
"2540537","","84/00880","COLLNUMB","","0"
"2540548","","84/00343","COLLNUMB","","0"
"2540605","","874/00199","COLLNUMB","","0"
"2540611","","84/00880","COLLNUMB","","0"
"2540633","","87/00167","COLLNUMB","","0"
"2540653","","AG88 - 413","COLLNUMB","","0"
"2540670","","AG88 - 384","COLLNUMB","","0"
"2540673","","AG88 - 380","COLLNUMB","","0"
"2540706","","CIAT_214 -2","COLLNUMB","","0"
"4335643","","Rayong 1","ACCENAME","","0"
"4335643","","MTAI 1","OTHERNUMB","","0"
"4335643","","Rayong 1","OTHERNUMB","","0"
"4335643","","Q 48382","OTHERNUMB","","0"
"4335643","","Rayong 1","DONORNUMB","","0"
"4339881","","SG 427- 64","ACCENAME","","0"
"4339881","","SG 427- 64","OTHERNUMB","","0"
"4339881","","Q 48377","OTHERNUMB","","0"
"4339881","","SG 427- 64","DONORNUMB","","0"
"4346375","","R-90","ACCENAME","","0"
"4346375","","MTAI 31","OTHERNUMB","","0"
"4346375","","R-90","OTHERNUMB","","0"
"4346375","","Q 48384","OTHERNUMB","","0"
"4346375","","R-90","DONORNUMB","","0"
"4355375","","CM 7514- 7","ACCENAME","","0"
"4355375","","CM 7514- 7","OTHERNUMB","","0"
"4355375","","Q 48388","OTHERNUMB","","0"
"4355375","","CM 7514- 7","DONORNUMB","","0"
"4357335","","CM 6754- 8","ACCENAME","","0"
"4357335","","CM 6754- 8","OTHERNUMB","","0"
"4357335","","Q 48386","OTHERNUMB","","0"
"4357335","","CM 6754- 8","DONORNUMB","","0"
"4385808","","CM 6740- 7","ACCENAME","","0"
"4385808","","CM 6740- 7","OTHERNUMB","","0"
"4385808","","Q 48385","OTHERNUMB","","0"
"4385808","","CM 6740- 7","DONORNUMB","","0"
"4392127","","CM 7033- 3","ACCENAME","","0"
"4392127","","CM 7033- 3","OTHERNUMB","","0"
"4392127","","Q 48387","OTHERNUMB","","0"
"4392127","","CM 7033- 3","DONORNUMB","","0"
"4392128","","SM 1433- 4","ACCENAME","","0"
"4392128","","SM 1433- 4","OTHERNUMB","","0"
"4392128","","Q 48392","OTHERNUMB","","0"
"4392128","","SM 1433- 4","DONORNUMB","","0"
"4394121","","SM 1741- 1","ACCENAME","","0"
"4394121","","SM 1741- 1","OTHERNUMB","","0"
"4394121","","Q 48393","OTHERNUMB","","0"
"4394121","","SM 1741- 1","DONORNUMB","","0"
"4396620","","SM  600-  19","ACCENAME","","0"
"4396620","","SM  600-  19","OTHERNUMB","","0"
"4396620","","Q 48391","OTHERNUMB","","0"
"4396620","","SM  600-  19","DONORNUMB","","0"
"4403636","","CM 7951- 5","ACCENAME","","0"
"4403636","","CM 7951- 5","OTHERNUMB","","0"
"4403636","","Q 48390","OTHERNUMB","","0"
"4403636","","CM 7951- 5","DONORNUMB","","0"
"4412805","","Mkuc 28-77-3","ACCENAME","","0"
"4412805","","MTAI 16","OTHERNUMB","","0"
"4412805","","Mkuc 28-77-3","OTHERNUMB","","0"
"4412805","","Q 48383","OTHERNUMB","","0"
"4412805","","Mkuc 28-77-3","DONORNUMB","","0"
"4417877","","CM 7514- 8","ACCENAME","","0"
"4417877","","CM 7514- 8","OTHERNUMB","","0"
"4417877","","Q 48389","OTHERNUMB","","0"
"4417877","","CM 7514- 8","DONORNUMB","","0"
"4426428","","SM 1821- 7","ACCENAME","","0"
"4426428","","SM 1821- 7","OTHERNUMB","","0"
"4426428","","Q 48394","OTHERNUMB","","0"
"4426428","","SM 1821- 7","DONORNUMB","","0"
"4438087","","CM 321- 188","ACCENAME","","0"
"4438087","","CM 321- 188","OTHERNUMB","","0"
"4438087","","Q 48376","OTHERNUMB","","0"
"4438087","","CM 321- 188","DONORNUMB","","0"
"4528013","","TM/NG92-161","COLLNUMB","","0"
"4528341","","86/00530","COLLNUMB","","0"
